Mon super auteur,Ma super description
Mon super auteur,Ma super description
Mon super auteur,Ma super description
Mon super auteur,Ma super description
Mon super auteur,Ma super description
Mon super auteur,Ma super description
super_auteur,super gossip
super_auteur,super gossip
super_auteur,super gossip
super_auteur,super gossip
masterjahlawa,"mon groupe est accro au café, de vrais drogués"
Dub,Incorporation
jahlawa,francois c'est une machine
jahlawa,francois c'est une machine
jahlawa,francois c'est une machine
blabla,""
mabite ,tabite
